﻿{
    "coordinates": [
        {
            "id": 1001,
            "mapName": "Desert",
            "x": 6,
            "y": 52
        },
        {
            "id": 1002,
            "mapName": "Farm",
            "x": 64,
            "y": 15
        },
        {
            "id": 1003,
            "mapName": "Backwoods",
            "x": 22,
            "y": 16
        },
        {
            "id": 1004,
            "mapName": "BusStop",
            "x": 14,
            "y": 22
        },
        {
            "id": 1005,
            "mapName": "Forest",
            "x": 5,
            "y": 27
        },
        {
            "id": 1006,
            "mapName": "Forest",
            "x": 90,
            "y": 16
        },
        {
            "id": 1007,
            "mapName": "Forest",
            "x": 104,
            "y": 33
        },
        {
            "id": 1008,
            "mapName": "Town",
            "x": 10,
            "y": 86
        },
        {
            "id": 1009,
            "mapName": "Town",
            "x": 20,
            "y": 89
        },
        {
            "id": 1010,
            "mapName": "Town",
            "x": 28,
            "y": 67
        },
        {
            "id": 1011,
            "mapName": "Town",
            "x": 36,
            "y": 56
        },
        {
            "id": 1012,
            "mapName": "Town",
            "x": 43,
            "y": 57
        },
        {
            "id": 1013,
            "mapName": "Town",
            "x": 94,
            "y": 82
        },
        {
            "id": 1014,
            "mapName": "Town",
            "x": 45,
            "y": 71
        },
        {
            "id": 1015,
            "mapName": "Town",
            "x": 58,
            "y": 86
        },
        {
            "id": 1016,
            "mapName": "Town",
            "x": 101,
            "y": 90
        },
        {
            "id": 1017,
            "mapName": "Beach",
            "x": 49,
            "y": 11
        },
        {
            "id": 1018,
            "mapName": "Town",
            "x": 34,
            "y": 97
        },
        {
            "id": 1019,
            "mapName": "Town",
            "x": 46,
            "y": 90
        },
        {
            "id": 1020, // Pam
            "mapName": "Town",
            "x": 72,
            "y": 69
        },
        {
            "id": 1021,
            "mapName": "Town",
            "x": 57,
            "y": 64
        },
        {
            "id": 1022,
            "mapName": "Mountain",
            "x": 12,
            "y": 26
        },
        {
            "id": 1023,
            "mapName": "Mountain",
            "x": 29,
            "y": 8
        },
        {
            "id": 1024,
            "mapName": "Mine",
            "x": 18,
            "y": 13
        },
        {
            "id": 1025, // adventurer's guild
            "mapName": "Mountain",
            "x": 76,
            "y": 9
        },
        {
            "id": 1026,
            "mapName": "Mountain",
            "x": 127,
            "y": 11
        },
        {
            "id": 1027,
            "mapName": "Town",
            "x": 95,
            "y": 51
        },
        {
            "id": 1028,
            "mapName": "Beach",
            "x": 30,
            "y": 34
        },
        {
            "id": 1029,
            "mapName": "Railroad",
            "x": 10,
            "y": 57
        },
        {
            "id": 1030,
            "mapName": "Woods",
            "x": 58,
            "y": 15
        },
        {
            "id": 1031,
            "mapName": "Forest",
            "x": 34,
            "y": 96
        },
        {
            "id": 1032,
            "mapName": "Town",
            "x": 52,
            "y": 20
        },
        {
            "id": 1033,
            "mapName": "Forest",
            "x": 94,
            "y": 100
        },
        {
            "id": 1034,
            "mapName": "Railroad",
            "x": 29,
            "y": 45
        },
        {
            "id": 1035,
            "mapName": "IslandWest",
            "x": 77,
            "y": 41
        },
    ]
}