﻿{
    "coordinates": [
        {
            "name": "Ridge Forest",
            "altId": "370.5",
            "mapName": "Custom_Ridgeside_RidgeForest",
            "x": 80,
            "y": 132
        },
        {
            "name": "Ridge",
            "altId": "455.55",
            "mapName": "Custom_Ridgeside_Ridge",
            "x": 89,
            "y": 23
        },
        {
            "name": "Ridge Falls",
            "altId": "75.0",
            "mapName": "Custom_Ridgeside_RidgeFalls",
            "x": 39,
            "y": 23
        },
        {
            "name": "Blooming Hill Farm",
            "altId": "55.200",
            "mapName": "Custom_Ridgeside_RidgesideVillage",
            "x": 22,
            "y": 23
        },
        {
            "name": "Heaps Convenience Store",
            "altId": "305.180",
            "mapName": "Custom_Ridgeside_RidgesideVillage",
            "x": 79,
            "y": 19
        },
        {
            "name": "Daniels Residence",
            "altId": "345.180",
            "mapName": "Custom_Ridgeside_RidgesideVillage",
            "x": 83,
            "y": 20
        },
        {
            "name": "Log Cabin Hotel",
            "altId": "450.190",
            "mapName": "Custom_Ridgeside_RidgesideVillage",
            "x": 114,
            "y": 24
        },
        {
            "name": "Odd Jobs",
            "altId": "545.205",
            "mapName": "Custom_Ridgeside_RidgesideVillage",
            "x": 133,
            "y": 24
        },
        {
            "name": "Pickens Residence",
            "altId": "370.240",
            "mapName": "Custom_Ridgeside_RidgesideVillage",
            "x": 89,
            "y": 29
        },
        {
            "name": "Cable Car to Pelican Town",
            "altId": "810.250",
            "mapName": "Custom_Ridgeside_RSVCliff",
            "x": 39,
            "y": 19
        },
        {
            "name": "Electrician's House",
            "altId": "840.300",
            "mapName": "Custom_Ridgeside_RSVCliff",
            "x": 46,
            "y": 33
        },
        {
            "name": "Hike Trail",
            "altId": "760.345",
            "mapName": "Custom_Ridgeside_RSVTheHike",
            "x": 33,
            "y": 39
        },
        {
            "name": "Starbound Stage",
            "altId": "275.270",
            "mapName": "Custom_Ridgeside_RidgesideVillage",
            "x": 74,
            "y": 43
        },
        {
            "name": "Pika's Outdoor Restaurant",
            "altId": "365.290",
            "mapName": "Custom_Ridgeside_RidgesideVillage",
            "x": 97,
            "y": 42
        },
        {
            "name": "Village Office",
            "altId": "450.285",
            "mapName": "Custom_Ridgeside_RidgesideVillage",
            "x": 114,
            "y": 42
        },
        {
            "name": "Ridgeside Clinic",
            "altId": "535.270",
            "mapName": "Custom_Ridgeside_RidgesideVillage",
            "x": 135,
            "y": 37
        },
        {
            "name": "Kobayashi Residence",
            "altId": "540.320",
            "mapName": "Custom_Ridgeside_RidgesideVillage",
            "x": 130,
            "y": 46
        },
        {
            "name": "Amethyne Residence",
            "altId": "520.390",
            "mapName": "Custom_Ridgeside_RidgesideVillage",
            "x": 129,
            "y": 72
        },
        {
            "name": "Ahn Yojeong Faye's Residence and Clothing Shop",
            "altId": "420.375",
            "mapName": "Custom_Ridgeside_RidgesideVillage",
            "x": 105,
            "y": 63
        },
        {
            "name": "Community Greenhouse",
            "altId": "380.430",
            "mapName": "Custom_Ridgeside_RidgesideVillage",
            "x": 96,
            "y": 75
        },
        {
            "name": "Akina Residence",
            "altId": "300.385",
            "mapName": "Custom_Ridgeside_RidgesideVillage",
            "x": 75,
            "y": 60
        },
        {
            "name": "Rivera Residence",
            "altId": "295.430",
            "mapName": "Custom_Ridgeside_RidgesideVillage",
            "x": 78,
            "y": 73
        },
        {
            "name": "Lola's Shed",
            "altId": "15.325",
            "mapName": "Custom_Ridgeside_RidgesideVillage",
            "x": 7,
            "y": 48
        },
        {
            "name": "Bladebane Residence",
            "altId": "40.390",
            "mapName": "Custom_Ridgeside_RidgesideVillage",
            "x": 14,
            "y": 63
        },
        {
            "name": "Nightingale Orchard",
            "altId": "55.520",
            "mapName": "Custom_Ridgeside_RidgesideVillage",
            "x": 27,
            "y": 98
        },
        {
            "name": "Lidens Residence",
            "altId": "285.610",
            "mapName": "Custom_Ridgeside_RidgesideVillage",
            "x": 76,
            "y": 117
        },
        {
            "name": "Water Research Facility",
            "altId": "405.575",
            "mapName": "Custom_Ridgeside_RidgesideVillage",
            "x": 100,
            "y": 112
        },
    ]
}