{
    "coordinates": [
        {
            "id": 1001,
            "teleportName": "Desert",
            "x": 29,
            "y": 45
        },
        {
            "id": 1002,
            "teleportName": "Farm",
            "x": 64,
            "y": 15
        },
        {
            "id": 1003,
            "teleportName": "Backwoods",
            "x": 22,
            "y": 16
        },
        {
            "id": 1004,
            "teleportName": "BusStop",
            "x": 14,
            "y": 22
        },
        {
            "id": 1005,
            "teleportName": "Forest",
            "x": 5,
            "y": 27
        },
        {
            "id": 1006,
            "teleportName": "Forest",
            "x": 90,
            "y": 16
        },
        {
            "id": 1007,
            "teleportName": "Forest",
            "x": 104,
            "y": 33
        },
        {
            "id": 1008,
            "teleportName": "Town",
            "x": 10,
            "y": 86
        },
        {
            "id": 1009,
            "teleportName": "Town",
            "x": 20,
            "y": 89
        },
        {
            "id": 1010,
            "teleportName": "Town",
            "x": 28,
            "y": 67
        },
        {
            "id": 1011,
            "teleportName": "Town",
            "x": 36,
            "y": 56
        },
        {
            "id": 1012,
            "teleportName": "Town",
            "x": 43,
            "y": 57
        },
        {
            "id": 1013,
            "teleportName": "Town",
            "x": 94,
            "y": 82
        },
        {
            "id": 1014,
            "teleportName": "Town",
            "x": 45,
            "y": 71
        },
        {
            "id": 1015,
            "teleportName": "Town",
            "x": 58,
            "y": 86
        },
        {
            "id": 1016,
            "teleportName": "Town",
            "x": 101,
            "y": 90
        },
        {
            "id": 1017,
            "teleportName": "Beach",
            "x": 49,
            "y": 11
        },
        {
            "id": 1018,
            "teleportName": "Town",
            "x": 34,
            "y": 97
        },
        {
            "id": 1019,
            "teleportName": "Town",
            "x": 46,
            "y": 90
        },
        {
            "id": 1020, // Pam
            "teleportName": "Town",
            "x": 72,
            "y": 69
        },
        {
            "id": 1021,
            "teleportName": "Town",
            "x": 57,
            "y": 64
        },
        {
            "id": 1022,
            "teleportName": "Mountain",
            "x": 12,
            "y": 26
        },
        {
            "id": 1023,
            "teleportName": "Mountain",
            "x": 29,
            "y": 8
        },
        {
            "id": 1024,
            "teleportName": "Mine",
            "x": 18,
            "y": 13
        },
        {
            "id": 1025, // adventurer's guild
            "teleportName": "Town",
            "x": 33,
            "y": 101
        },
        {
            "id": 1026,
            "teleportName": "Mountain",
            "x": 127,
            "y": 11
        },
        {
            "id": 1027,
            "teleportName": "Town",
            "x": 95,
            "y": 51
        },
        {
            "id": 1028,
            "teleportName": "Beach",
            "x": 30,
            "y": 34
        },
        {
            "id": 1029,
            "teleportName": "Railroad",
            "x": 10,
            "y": 57
        },
        {
            "id": 1030,
            "teleportName": "Woods",
            "x": 58,
            "y": 15
        },
        {
            "id": 1031,
            "teleportName": "Forest",
            "x": 34,
            "y": 96
        },
        {
            "id": 1032,
            "teleportName": "Town",
            "x": 52,
            "y": 20
        },
        {
            "id": 1033,
            "teleportName": "Forest",
            "x": 94,
            "y": 100
        },
        {
            "id": 1034,
            "teleportName": "Railroad",
            "x": 29,
            "y": 45
        },
        {
            "id": 1035,
            "teleportName": "IslandWest",
            "x": 77,
            "y": 41
        },
        {
            "name": "Jenkins Residence",
            "altId": "592.268",
            "teleportName": "Town",
            "x": 59,
            "y": 53
        },
        {
            "name": "Adventurer Guild",
            "altId": "748.40",
            "teleportName": "Custom_AdventurerSummit",
            "x": 32,
            "y": 22
        },
        {
            "name": "Community Garden",
            "altId": "716.448",
            "teleportName": "Town",
            "x": 102,
            "y": 102
        },
        {
            "name": "Shearwater Bridge",
            "altId": "875.339",
            "teleportName": "Custom_ShearwaterBridge",
            "x": 30,
            "y": 22
        },
        {
            "name": "Beach",
            "altId": "572.536",
            "teleportName": "Beach",
            "x": 79,
            "y": 13
        },
        {
            "name": "Andy's House",
            "altId": "217.524",
            "teleportName": "Forest",
            "x": 62,
            "y": 67
        },
        {
            "name": "Fairhaven Farm",
            "altId": "256.520",
            "teleportName": "Forest",
            "x": 68,
            "y": 72
        },
        {
            "name": "Sophia's House",
            "altId": "438.468",
            "teleportName": "Custom_BlueMoonVineyard",
            "x": 28,
            "y": 36
        },
        {
            "name": "Blue Moon Vineyard",
            "altId": "400.472",
            "teleportName": "Custom_BlueMoonVineyard",
            "x": 28,
            "y": 36
        },
        {
            "name": "Marnie's Farm",
            "altId": "216.416",
            "teleportName": "Forest",
            "x": 63,
            "y": 24
        },
        {
            "name": "Grandpa's Shed",
            "altId": "388.256",
            "teleportName": "Farm",
            "x": 138,
            "y": 36
        },
        {
            "name": "Memorial",
            "altId": "732.200",
            "teleportName": "Town",
            "x": 111,
            "y": 27
        },
        {
            "name": "Old Community Garden",
            "altId": "788.386",
            "teleportName": "Custom_Garden",
            "x": 23,
            "y": 27
        }
    ]
}